{
	"Game" : "Space Memory",
	"Levels" : [
		{
			"Level" : 1,
			"Rows" : [
		  	{
		  		"Elements" : [
			  		{
			  			"id" : "id1", 
			  			"Image" : "./Resources/Orange.jpeg"
			  		},
			  		{
			  			"id" : "id2", 
			  			"Image" : "./Resources/Apple.jpeg"
			  		},
			  		{
			  			"id" : "id3",
			  			"Image" : "./Resources/Banana.jpg"
			  		}
		  		]
		  	}]
		},
		{
			"Level" : 2,
			"Rows" : [
		  	{
		  		"Elements" : [
			  		{
			  			"id" : "id1", 
			  			"Image" : "./Resources/Orange.jpeg"
			  		},
			  		{
			  			"id" : "id2", 
			  			"Image" : "./Resources/Apple.jpeg"
			  		},
			  		{
			  			"id" : "id3", 
			  			"Image" : "./Resources/Strawberry.jpeg"
			  		},
			  		{
			  			"id" : "id4",
			  			"Image" : "./Resources/Banana.jpg"
			  		}
		  
				]
			}]
		},
		{
			"Level" : 3,
			"Rows" : [
		  	{
		  		"Elements" : [
			  		{
			  			"id" : "id1", 
			  			"Image" : "./Resources/Orange.jpeg"
			  		},
			  		{
			  			"id" : "id2", 
			  			"Image" : "./Resources/Apple.jpeg"
			  		},
			  		{
			  			"id" : "id3", 
			  			"Image" : "./Resources/Strawberry.jpeg"
			  		}
		  		]
		  	},
		  	{
		  		"Elements" : [
			  		{
			  			"id" : "id4",
			  			"Image" : "./Resources/Banana.jpg"
			  		},
			  		{
			  			"id" : "id5",
			  			"Image" : "./Resources/Pear.jpeg"
			  		}
			  	]
		  	}]
		}
	]
}
